accuracy,balanced_accuracy,precision_macro,recall_macro,f1_macro,loss,best_epoch
0.9111776447105788,0.8956767272099962,0.8664374311437971,0.8956767272099962,0.8784032988204317,0.6179850548540637,57
