accuracy,balanced_accuracy,precision_macro,recall_macro,f1_macro
0.8792415169660679,0.7128780919867846,0.9251806786211928,0.7128780919867846,0.795751356910181
