accuracy,balanced_accuracy,precision_macro,recall_macro,f1_macro
0.9181636726546906,0.9045405409918429,0.8779736425774438,0.9045405409918429,0.8888711611221883
