accuracy,balanced_accuracy,precision_macro,recall_macro,f1_macro
0.9261477045908184,0.9142843716614208,0.8938397581254724,0.9142843716614208,0.9015905985546141
