accuracy,balanced_accuracy,precision_macro,recall_macro,f1_macro,loss
0.8243512974051896,0.8395298152289473,0.7035198085055592,0.8395298152289473,0.7593356407904588,0.5504567567221889
