accuracy,balanced_accuracy,precision_macro,recall_macro,f1_macro
0.6696606786427146,0.14285714285714285,0.09566581123467352,0.14285714285714285,0.11459311758176073
