class,count,weight
akiec,294,4.3794947
bcc,463,2.7809317
bkl,989,1.3018923
df,103,12.500693
mel,1002,1.2850014
nv,6034,0.21338604
vasc,128,10.059152
