accuracy,balanced_accuracy,precision_macro,recall_macro,f1_macro,loss
0.8293413173652695,0.8166784948159794,0.7112043726996305,0.8166784948159794,0.7519521028491066,0.5537821106694475
