accuracy,balanced_accuracy,precision_macro,recall_macro,f1_macro,loss
0.906187624750499,0.8946610827035127,0.8719493687981082,0.8946610827035127,0.8825339534292415,0.5972126335846242
