accuracy,balanced_accuracy,precision_macro,recall_macro,f1_macro,loss
0.8423153692614771,0.8449492319584619,0.708643356448882,0.8449492319584619,0.7573813350903633,0.5490942888273574
